1,이트론,11,3,-21.43%,"67,752,763",783,11,12,100,0.55,-2.85
2,빌리언스,450,18,-3.85%,"27,413,457","13,589",452,453,183,-8.18,-10.32
3,현대무벡스,"5,880","1,225",+26.32%,"23,694,889","136,899","5,880","5,890","6,549",26.73,16.17
4,크레오에스지,447,82,+22.47%,"20,208,131","8,527",450,452,864,-5.02,-29.01
5,러셀,"2,380",315,+15.25%,"18,105,916","43,594","2,325","2,330",757,-340.00,8.06
6,유니슨,"1,256",209,+19.96%,"17,853,608","21,893","1,262","1,263","2,144",-11.85,-36.03
7,이화전기,81,13,-13.83%,"17,046,630","1,415",80,81,177,1.65,-5.83
8,태웅로직스,"3,380",355,+11.74%,"13,882,560","48,479","3,460","3,465","1,343",6.40,12.68
9,일승,"6,170",200,+3.35%,"10,777,759","69,307","6,110","6,120","1,896",37.62,4.57
10,스맥,"3,875",125,+3.33%,"10,416,359","40,985","3,895","3,900","2,644",24.22,18.73
11,동방선기,"4,630",145,+3.23%,"9,269,286","44,529","4,645","4,655",648,11.02,15.71
12,다날,"8,500",140,-1.62%,"8,634,969","73,306","8,450","8,460","5,861",-72.65,2.46
13,코닉오토메이션,"2,310",80,+3.59%,"8,295,215","19,898","2,330","2,335",972,-67.94,3.92
14,디에이치엑스컴퍼니,"1,007",117,+13.15%,"8,026,337","8,756","1,008","1,009",173,-0.67,-32.48
15,삼화네트웍스,"1,519",46,+3.12%,"7,969,290","12,640","1,527","1,528",656,-18.99,3.25
16,오리엔탈정공,"7,920",550,+7.46%,"7,814,743","63,577","7,880","7,890","3,609",13.73,26.45
17,KD,661,35,+5.59%,"7,698,645","5,281",637,638,177,-1.46,12.56
18,동일스틸럭스,"1,535",16,+1.05%,"7,186,836","11,940","1,564","1,565",401,-4.83,-28.53
19,케이에스피,"5,580",300,+5.68%,"7,093,423","40,641","5,510","5,520","2,243",19.24,25.99
20,성호전자,"1,060",33,+3.21%,"6,607,473","7,569","1,068","1,069",752,-8.76,6.54
21,썸에이지,559,19,-3.29%,"6,264,366","3,574",559,560,778,-9.81,-28.33
22,뉴로핏,"12,720","2,420",+23.50%,"6,232,687","75,715","12,720","12,750","1,470",-7.50,34.38
23,조아제약,"1,169",157,+15.51%,"6,222,267","7,473","1,163","1,167",362,-3.59,-26.54
24,올릭스,"76,400","상한가17,600",+29.93%,"6,027,829","432,115","76,400",0,"15,362",-30.91,-120.11
25,한라캐스트,"4,690",320,+7.32%,"5,599,851","26,770","4,690","4,695","1,712",12.15,46.18
26,휴림로봇,"2,605",90,+3.58%,"5,492,779","14,360","2,590","2,595","3,112",162.81,-5.59
27,삼영엠텍,"9,090",140,-1.52%,"5,332,163","49,669","9,030","9,070","1,182",13.29,8.54
28,미투온,"5,990",30,+0.50%,"5,221,201","31,316","6,000","6,020","1,820",N/A,0.40
29,손오공,"1,083",8,+0.74%,"4,608,577","5,044","1,100","1,104",725,-4.95,-38.27
30,피델릭스,"1,291",33,+2.62%,"4,451,985","5,764","1,292","1,298",428,-8.44,-4.53
31,현대ADM,"2,745",45,+1.67%,"4,320,068","12,264","2,735","2,740","1,327",-14.68,-118.31
32,소니드,442,21,+4.99%,"4,270,203","1,978",479,481,326,-0.46,-74.62
33,디와이디,356,37,+11.60%,"4,252,159","1,535",355,356,445,-0.92,-241.11
34,현대힘스,"27,450",200,+0.73%,"4,242,837","119,732","27,250","27,300","9,739",51.21,8.07
35,텔콘RF제약,"1,850",25,+1.37%,"4,042,974","7,823","1,834","1,835",423,-3.22,-28.11
36,원풍물산,593,81,-12.02%,"3,972,551","2,510",584,585,241,-7.80,-23.77
37,제닉스로보틱스,"9,000",730,+8.83%,"3,967,611","37,054","9,010","9,020","1,181","-4,500.00",15.62
38,우리기술,"3,685",20,-0.54%,"3,827,928","14,366","3,690","3,695","6,100",38.39,-3.33
39,모비스,"2,890",75,-2.53%,"3,827,538","11,396","2,880","2,885",930,-17.31,32.31
40,케이엔알시스템,"12,730",510,-3.85%,"3,784,072","50,763","12,650","12,660","1,385",-19.17,-43.41
41,아이비젼웍스,"1,387",5,+0.36%,"3,630,212","5,246","1,369","1,373",471,-5.48,-17.05
42,레이저옵텍,"7,450",510,+7.35%,"3,495,723","27,873","7,450","7,460",914,-15.27,N/A
43,서남,"3,075",240,-7.24%,"3,495,063","11,078","3,090","3,100",742,-18.52,-41.79
44,에스피시스템스,"9,300",80,-0.85%,"3,436,191","33,239","9,240","9,250","1,002",-37.20,-3.83
45,CSA 코스믹,968,46,-4.54%,"3,416,050","3,421",984,985,593,-8.88,-32.17
46,고바이오랩,"7,070","1,310",+22.74%,"3,070,200","20,089","6,420","6,430","1,373",-16.71,-12.79
47,에스엠코어,"4,390",20,+0.46%,"2,965,516","13,420","4,415","4,425",879,14.83,21.04
48,좋은사람들,"2,100",30,-1.41%,"2,789,107","5,902","2,090","2,095","2,036",-43.75,0.60
49,파인메딕스,"8,680","1,230",+16.51%,"2,765,191","23,958","8,670","8,680",488,-79.63,-0.15
50,에이프릴바이오,"24,800","1,600",+6.90%,"2,661,578","66,837","24,600","24,650","5,596",576.74,26.90
51,클로봇,"19,290",360,+1.90%,"2,519,176","49,587","19,210","19,220","4,777",-61.63,-15.71
52,SGA,"3,265",95,-2.83%,"2,356,213","7,762","3,285","3,295","1,922",-217.67,-3.07
53,원익홀딩스,"8,990",0,0.00%,"2,318,126","20,940","8,960","8,970","6,944",-16.50,-7.41
54,로보티즈,"94,100","6,200",+7.05%,"2,274,179","213,215","93,100","93,200","12,441",990.53,-3.31
55,PS일렉트로닉스,"4,615",215,-4.45%,"2,242,837","10,497","4,610","4,620","1,994",-49.10,-9.27
56,삼양컴텍,"18,270",870,-4.55%,"2,147,998","39,776","18,240","18,250","7,529",35.48,38.14
57,헝셩그룹,232,2,+0.87%,"2,043,830",471,229,230,436,46.40,0.69
58,앱코,"1,115",35,-3.04%,"1,802,535","2,020","1,114","1,116",565,11.86,8.21
59,블루엠텍,"5,820",340,+6.20%,"1,780,590","10,249","5,810","5,820","1,950",-20.49,N/A
60,알파녹스,"1,770",20,+1.14%,"1,738,880","3,302","1,782","1,785",303,-3.71,-29.00
61,케이프,"9,475",85,+0.91%,"1,697,168","16,487","9,360","9,370","2,928",14.31,7.47
62,현대바이오,"5,910",190,+3.32%,"1,696,197","10,278","5,830","5,840","5,676",-26.15,-16.36
63,삼현,"15,160",710,+4.91%,"1,657,858","24,967","15,160","15,170","4,807",52.28,N/A
64,푸른기술,"8,700",210,+2.47%,"1,588,719","14,124","8,780","8,790",727,39.55,5.39
65,청담글로벌,"7,940",800,-9.15%,"1,452,017","11,846","7,830","7,850","1,671",610.77,2.85
66,샌즈랩,"8,510",730,+9.38%,"1,430,050","12,765","8,610","8,620","1,299",-78.80,-5.21
67,대창솔루션,449,2,+0.45%,"1,399,859",629,449,451,827,-6.70,-10.84
68,한선엔지니어링,"7,850",40,-0.51%,"1,293,137","10,736","7,810","7,840","1,356",17.41,7.30
69,우양,"5,000",0,0.00%,"1,290,427","6,392","5,000","5,010",818,-238.10,-3.06
70,디앤디파마텍,"159,700","19,500",+13.91%,"1,281,822","196,072","159,400","159,500","17,281",-45.67,-49.03
71,국일신동,"1,654",33,-1.96%,"1,260,511","2,342","1,748","1,756",183,-5.84,-7.58
72,케이쓰리아이,"5,230",430,+8.96%,"1,241,275","6,477","5,210","5,230",392,-8.02,N/A
73,강스템바이오텍,"1,185",8,-0.67%,"1,234,677","1,422","1,177","1,178",664,-4.31,-17.52
74,하이젠알앤엠,"36,400","2,350",+6.90%,"1,205,396","44,418","36,050","36,100","11,243",-202.22,-1.92
75,TS트릴리온,220,9,+4.27%,"1,200,347",261,219,220,236,-4.49,-19.64
76,네오이뮨텍,965,35,-3.50%,"1,107,967","1,067",961,962,954,-3.20,-70.17
77,더즌,"5,100",0,0.00%,"1,090,474","5,612","5,100","5,110","3,657",31.68,28.06
78,보성파워텍,"3,825",25,+0.66%,"1,088,321","4,199","3,815","3,820","1,879",11.88,6.80
79,하이드로리튬,"2,495",55,-2.16%,"1,059,341","2,651","2,480","2,485","1,352",-3.04,-23.16
80,제주반도체,"16,690",420,+2.58%,"1,034,939","17,059","16,620","16,630","5,748",48.52,11.44
81,유니테스트,"13,930","1,170",+9.17%,"1,032,513","14,213","14,090","14,100","2,944",-13.23,-19.88
82,율호,"1,146",122,-9.62%,"1,026,599","1,237","1,181","1,183",824,-4.86,-23.33
83,SGA솔루션즈,700,7,-0.99%,"1,025,919",727,702,704,597,-4.67,-20.26
84,스튜디오미르,"4,805",185,-3.71%,"1,011,363","4,983","4,915","4,925","1,573",-64.07,0.29
85,티엑스알로보틱스,"13,810",780,+5.99%,"968,674","13,852","13,730","13,750","2,134",107.05,14.93
86,글로벌텍스프리,"4,775",60,-1.24%,"937,809","4,529","4,775","4,780","3,356",16.93,5.60
87,국일제지,468,1,-0.21%,"914,675",427,466,469,"5,276",-66.86,-9.98
88,캔버스엔,"1,088",55,-4.81%,"908,254","1,005","1,081","1,085",257,-3.09,-34.96
89,한국선재,"3,475",25,+0.72%,"899,845","3,153","3,500","3,510",887,695.00,-1.02
90,팬스타엔터프라이즈,934,5,+0.54%,"894,491",836,924,928,"1,081",14.15,6.67
91,헬릭스미스,"7,040",480,+7.32%,"878,801","6,110","7,020","7,030","3,245",-40.23,-10.43
92,하이록코리아,"35,600","2,600",+7.88%,"864,418","31,365","35,450","35,500","4,377",10.55,11.38
93,파인엠텍,"11,710",110,-0.93%,"863,156","10,032","11,570","11,580","4,408",-14.94,-11.87
94,원텍,"10,110",340,-3.25%,"861,143","8,735","10,120","10,130","9,096",22.67,25.76
95,엔에프씨,"6,750",650,-8.78%,"807,169","5,705","6,710","6,730",603,28.60,-9.03
96,케이씨티,"4,190",60,-1.41%,"797,099","3,389","4,200","4,220",719,48.72,2.58
97,에스엔시스,"51,500",800,+1.58%,"776,427","41,155","51,700","51,800","4,860",17.28,28.30
98,알체라,"2,815",115,+4.26%,"765,845","2,178","2,835","2,840","1,090",-10.83,-125.69
99,아이에이,183,0,0.00%,"745,659",137,182,183,688,-2.77,-25.89
100,에스유앤피,290,39,+15.54%,"742,748",202,279,280,110,-0.13,-88.89
